"	comment	sentiment",,,,,,,
"辰辰	非常推美麗又溫柔的翁醫生∼ 因為本人人的牙齒非常難搞 醫生動作細心 不會為了休息而趕 …	1",,,,,,,
"Tammy Chiu	兒童門診詹醫師跟護理師細心溫柔，看診過程培養孩子信心，孩子全程都沒哭鬧，還很開心，很厲害！??????	1",,,,,,,
"林靜美	家裡的兩位小朋友從一開始看牙醫就是給王詩涵醫生看，人真的很有耐心，對小朋友很有一套，小朋友從不怕看牙醫，醫生真的很專業 櫃檯姐姐服務態度讓人覺得很舒服	1",,,,,,,
"LILIAN HSU	吳孟澤醫師對小孩非常有耐心，也讓不敢接受其他醫生治療的五歲女兒成功做完四顆蛀牙的治療，也順利完成幾顆乳牙的拔除，很幸運遇到良醫。	1",,,,,,,
"林栗子	醫生護士都很親切 今天是給詹女醫師看診 對小孩很有耐心 對大人也細心解說 對第一次看牙的女兒來說 不會感到害怕 所以都很願意配合 環境也不錯。	1",,,,,,,
"周思潔	拔智齒很照顧病人到心情，可能是因為我看起來很緊張，所以醫生會有些讓人放心的話語，覺得很讓人放心安心。	1",,,,,,,
"云兒	不論是櫃檯的小姊姊，還是牙助小姊姊跟潘醫師人都很好??講話也很客氣、做事細心做起來完全不會感到有壓力推推?? 真的跟外面很多診所都不一樣 整體感覺100分??	1",,,,,,,
"洪郁喜	昨天咬到硬的食物牙齒裂開掉了一塊，臨時就診非常緊張，感謝蔡昌益醫師很詳細的解釋牙齒的狀況，治療過程可能酸酸的都會先提醒（有心裡準備真的好很多），技術也很好，以後如果有需要會先預約蔡醫師。	1",,,,,,,
"饅頭	今天女鵝塗氟比起第一次經驗好多了，女鵝都沒有哭很乖，感謝詹文涵醫生。	1",,,,,,,
"廖婉伶	第一次來看診的體驗非常好，王醫師很有耐心的講解，而且手法很溫柔，洗牙過程中可能會有酸痛的狀況，王醫生開始動作前都會先告知，讓我有心理準備，還好王醫師有講解用牙線剔牙的正確使用方法，糾正了我的錯誤，希望下次洗牙可以看到我牙齒的改善！	1",,,,,,,
"Nadia Ma	小孩第一次補牙，醫生很有耐心，很有辦法的安撫，讓小朋友不那?的緊張，快速卻又紮實的動作，讓媽媽很安心放心，謝謝醫生的耐心及溫柔的對待，超專業的兒童牙醫。	1",,,,,,,
"Lei Nicco	醫師和助理都很親切，讓人消除不少緊張情緒。王醫師解說詳細又動作輕柔，讓人安心！	1",,,,,,,
"Jack Chang	第一次來給謝醫師看診，細心又耐心，過程中也一直詢問個人狀況，會不會酸、會不會痛、還好嗎，真的很棒??	1",,,,,,,
"咪咪醬	今天是第一次到貴診所看診……早上有打電話想詢問初診能不能預約……可是莫名被掛2次電話……還好下午電話有接才得以掛號預約…… 整體來說櫃檯美眉態度很好……然後我今天看的醫生是劉翰文……是位很耐心的醫生……問問題不會感到醫生不耐煩……洗牙很溫柔不會粗暴……下次會願意回該診所看其他牙的問題 …	1",,,,,,,
"美麗女孩	""我們全家都給劉瀚文醫生看．劉醫生很親切又有耐心不管是洗牙、拔牙、補牙都不會讓人感到不舒服∼就是非常很可惜的一點∼一週只有週一才有門診∼如果劉瀚文醫生如果能再多排一天的門診∼就會讓更多人可以給他看診了．他真的是一位很棒的醫師",常常會和病患換位思考,站在病患的怕看牙齒的角度,和病人溝通,所以超級推薦他的.他幫病患處理牙齒時都會提前讓客人知道他下一步要做什麼動作.牙齒會有酸酸的感覺都會提前說讓你有心理準備,以前我是一位很討厭看牙科的人,因為遇到劉瀚文醫生好醫生,"所以就會比較放心地常 …""	1"
"王姿文	11/3 中午12.來洗牙 男醫師洗的非常乾淨 解說也很詳細專業 …	1",,,,,,,
"余俊良	張醫師很細心也很有耐心，讓我不再害怕看牙齒！	1",,,,,,,
"鐵支小肥羊	親切、專業、有效率的牙科診所，非常值得信賴又溫柔的湯醫生，讓害怕看牙科的我都能輕鬆以對，棒棒！	1",,,,,,,
"黃俊笙	櫃檯跟助手小姐都很親切 溫柔，林書鴻醫生檢查的很仔細，也很有耐心的解釋！	1",,,,,,,
"Hsuan Lin	吳孟澤?醫師 非常親切細心有耐心，真心覺得很幸運能遇到好醫生??	1",,,,,,,
"宋偉豪	我本身非常懼怕牙醫也怕痛?? 結果洗牙，拔牙都在這裡 醫生處理的很細心	1",,,,,,,
"覺婉甄	醫生和護士還有櫃台小姐服務都超好，很親切，所以很推薦來這裡看牙??	1",,,,,,,
"Leon Lee	本人其實非常害怕看牙醫，今天初診預約了蔡昌益醫生，洗牙過程中可以感覺醫生技術熟練不會感到不舒服，結束後也會很詳細的評估牙齒狀況，蔡醫生十分溫柔年輕有為，給他看牙我也比較沒那麼害怕了，牙助也都態度很好相當溫柔！	1",,,,,,,
"彭福將	必推溫柔有趣又專業的蔡昌益醫師！ 我的智齒難以對付，他還是很有耐心的幫我處理，還有護士也很親切∼ 因為智齒難用導致拖延到了下班時間，也不顯不耐，感謝貴診所！	1",,,,,,,
"Amy Ho	（兒童門診）今天帶一歲多女兒去看她生平第一次的牙醫，醫師非常耐心，先初步建立一點關係然後做口腔檢查和塗氟，後續還跟我說明牙齒照護的資訊。如有兒童牙醫需求的，非常推薦喔！	1",,,,,,,
"湯淑鈞	醫生真的很專業，很細心，我們全家人都來這邊看診。	1",,,,,,,
"MANDA M	洗牙拖了半年之久 一直很害怕看牙醫很討厭電鑽的聲音 昨天終於鼓起勇氣預約?? 櫃檯預約小姐很親切 等候10分鐘後竟然是一位女醫師 因為我第一次給女醫師洗牙?? 因為太久沒洗牙牙齦發炎 …	1",,,,,,,
"林詩涵	蔡昌益醫生服務超好 跟診的助理也很溫柔 讓害怕看診的我在懷胎五個多月的情況下 整個看診過程很放心也很安心 對牙醫改觀?? 非常推薦大家來這裡卸除對牙醫看診的恐懼∼∼	1",,,,,,,
"陳先生	醫生說明相當仔細且客氣， 讓人感覺舒服	1",,,,,,,
"Amity Lee	潘醫師耐心又詳細的解說，很棒??	1",,,,,,,
"jum79326	環境乾淨，醫師非常親切，帶三歲小孩塗氟，第一次看到小孩自己躺上看診床，醫師檢查完跟我說「下次再補牙，今天先讓他認識器具」，然後有耐心的跟小孩介紹這些器具會發出的聲音，讓小孩不會害怕看牙齒??????第一次看牙醫遇到這樣的醫生！！大推！！	1",,,,,,,
"Clarissavun	診所服務親切，環境空間寬敞乾淨，十分舒適。幫我看診的謝醫師很專業，讓人感到安心。	1",,,,,,,
"陳惠琪 Fifi Rui	很專業的兒童牙醫(林oo)，每次都會給予我們正確護牙知識，以及提前告訴我們如何面對可能會發生的牙齒狀況！	1",,,,,,,
"lubby Lin	帶4歲兒子來塗氟，感謝翁崎紘醫師及護理師，超級有耐心的處理孩子牙結石及牙齒塗氟，揪感心！	1",,,,,,,
"陳麻雀	醫生超級溫柔。拔牙完全不會痛。	1",,,,,,,
"林芯如	希望下次約診的時間，盡可能能準時看診 或到院掛號後告知病患 醫師還在忙祿中 …	1",,,,,,,
"TengTeng	年輕的看診醫師有耐心的詳細解說，也會與病人討論分析狀況，這麼誠懇和善的醫師不多了，大家可以多多支持！	1",,,,,,,
"何亭萱	難為蔡昌益醫生了.非常有耐心處理我這顆棘手位置蛀牙（最內顆，洞又是在最內側）首推~~蔡醫師唷 讚~讚~讚	1",,,,,,,
"吳于禎	今天是第一次帶寶寶塗氟，11個月大，很感謝醫師的解說，讓人覺得看診是很舒服的一件事，櫃臺人員冷淡，也理解掛號事宜忙碌	1",,,,,,,
"Toyo Lee	7/12到京華牙醫診所就診、潘耿期綺醫師的技術超群、對待病人態度良好親切、是一位值得信賴的醫師。	1",,,,,,,
"Zac LU	醫生很有禮貌，環境不錯喔	1",,,,,,,
"李俊賢	今天來京華牙醫治療蛀牙，劉醫師非常細心、專業，護士小姐表現也很讚，我給5顆星100分。	1",,,,,,,
"yuhsi yuhsi	我是給蔡昌益醫師看診，蠻專業又細心的醫師，已預約下一次。蔡醫師在處理牙齒之前及過程中都會很仔細解說目前狀況，以及他判斷的原因和接下來選擇的做法，如果有可能痠痛也會提前提醒，很讓人安心。	1",,,,,,,
"徐盈琪	帶小孩去塗氟，醫生非常親切！ 幫媽媽洗牙的時候還會隨時注意旁邊小朋友的狀況，重點又很帥（？） 壞境乾淨整潔，是看牙的好選擇！	1",,,,,,,
"陳沛汝	針對醫生來說，處理的手法溫柔很舒服，跟以前洗牙的感覺不一樣，值得推薦！	1",,,,,,,
"jaja	給院長蘇建賓醫師植牙，傷口都不會痛，跟以前去別家做的感受完全不同，技術很好，非常推薦！	1",,,,,,,
"楊晴懿	第一次去一間診所那麼用心照牙齒，應該是我去過最高級的牙醫診所，我是給韓醫師看診超有耐心幫我補牙補了40分鐘	1",,,,,,,
"王顥勳	謝謝醫師細心為我補牙 我相信每個人看牙醫都有不好的經驗，很多醫師都會希望病患要裝牙套，不太願意幫忙補牙！ 當然這也攸關費用的問題，但我在京華沒有這樣的感覺，讓我很開心，謝謝	1",,,,,,,
"Mary’s Studio	醫生很貼心，洗牙，順便還幫你補牙齒	1",,,,,,,
"Yolanda Huang	我女兒的醫生，蔡昌益醫生。 真的對小朋友很有耐心， 我女兒一直哭，也不會看他有不耐煩??	1",,,,,,,
"林叮叮	蘇院長跟王詩涵醫師都很有耐心，也很仔細的解說，看得很安心！	1",,,,,,,
"翁偉傑	吳孟澤醫師細心體貼，看完牙齒很舒服	1",,,,,,,
"欣	家裡小孩跟大人都是來這家看牙齒，櫃臺跟醫生都很親切，很有耐心！	1",,,,,,,
"Ming Chi Chiu	帶四歲兒子去補牙。醫生非常親切有耐心。引導原本緊張的寶貝成功完成看牙初體驗∼大推∼∼	1",,,,,,,
"承佾	給謝孟哲醫師把智齒，基本上只有打麻藥會有感覺，其他時候都是自己在緊張，有感覺的時候就會補麻藥。很優質的醫師。	1",,,,,,,
"李宜凌	醫生護士的醫療態度都很好，剛開始去是找不到配合自己時間的診所，恰好約到晶華，洗過牙後，我們全家都到晶華看牙醫，約診前一天一定會打電話通知	1",,,,,,,
"陳建宏	林*威醫生對小朋友很有耐心跟家長會細心說明原因，只是林醫生在院時間一個月只有一天，故扣一顆星。	1",,,,,,,
"黃靖宴	醫生看診詳細且細心動作輕緩，看診過程中雖然蛀牙但感覺不會不舒服，會繼續推薦朋友長期固定來洗牙。	1",,,,,,,
"Ichi Liu	7/8 去洗牙（事先預約）來分享一下我的心得  會來這間診所是因為朋友的推薦，因為她在這邊拔牙她覺得整個過程都非常好，我住新莊，雖然有點遠，但是新莊的很多牙醫診所的櫃檯都很勢利又討厭，所以我願意跑遠一點 …	1",,,,,,,
"許乃文	環境舒適，韓醫師很有耐心，洗牙補牙都很溫柔，難得不讓人緊張的看牙體驗	1",,,,,,,
"Poki chang	蔡昌益醫師真的很溫柔很體貼，看牙齒過程中完全不會緊張害怕，是一位很認真負責的醫生，看一次就愛上他 ??	1",,,,,,,
"UN MON Lin	一開始沒有指定掛號 後來遇到韓醫師 很認真的為我做檢查 從X光注意到以前診所都沒看出來的蛀牙 後來牙齒酸軟的問題就漸漸好了	1",,,,,,,
"Addie Wu	帶女兒來檢查口腔，看診的女醫生很親切而且解說超仔細，診所環境也很不錯，有一個小空間可以讓小孩看書，覺得很棒，而且看診的診間每間都獨立出來，覺得很照顧到病患的隱私	1",,,,,,,
"楊上立	潘耿綺醫師，醫術精湛，更視病猶親，對患者問題都能竭力處置，整體就醫全程都很舒暢，是值得信賴與推薦的專業良醫。	1",,,,,,,
"張仲硯	今日是第二次看診， 韓醫師很有耐心， 一次把牙齒全部補好。	1",,,,,,,
"取消禁行機車還我正確路權	醫師技術很好，第一次拔牙過程令人不感到緊張。後續定期的追蹤，感覺倍受照顧	1",,,,,,,
"吳庭瑜	醫生人很好，會跟你聊天，環境也很舒適，雖然今天就可以把牙齒補起來了，但是醫生延長了一個禮拜的時間觀察，確定了牙齒真的沒事才補牙，醫生很細心??	1",,,,,,,
"李育昇Terry LI	醫生及櫃檯人員都很親切，環境也很棒。	1",,,,,,,
"Lu Lyu	推謝孟哲醫師！ 之前很怕看牙連洗牙都會怕，還好遇到謝醫師，謝醫師非常細心，讓我之後敢定期洗牙也敢拔智齒了??	1",,,,,,,
"19781026stanley	其實我很顧自己的牙，每半年固定會找不同診所洗牙，因為可以照全口掃瞄。因為本身牙況不錯，很容易遇到隨便洗的牙醫，上去下來不用五分鐘，但今天遇到的林醫生是我遇過最認真洗的，在處理結石的過程就是心裡就是痛快。棒棒。	1",,,,,,,
"Xiang Wei	醫師處理的手法溫柔很棒讓人很放鬆不緊張??  真心推薦????	1",,,,,,,
"karen chan	3/30下午前往看診，蔡昌益醫生十分親切及詳細說明我的情況，會推薦親友來看診	1",,,,,,,
"小洋萱子（xiaoyangxuanzi）	診所寬敞舒適，儀器都新穎乾淨，給陳昱廷醫師補牙過程很順利，中途一直關心會不會牙齒酸，貼心暖男XD 這邊雖然離市中心比較遠，但門診時間也比較好約，推推∼	1",,,,,,,
"林大咩	櫃檯小姐服務態度很好，醫生也不會因為小孩失控爆哭不耐煩，感謝醫生跟櫃檯小姐的幫助	1",,,,,,,
"Sophie Yang	候診的地方很舒服乾淨，助理醫師也很專業親切，尤其給假牙專科的陳昱廷醫師處理牙套非常的細心，成果很滿意，是有史以來做的最好看又好用的全瓷冠，治療中可以感受到醫生對牙套品質有很高的要求不隨便了事，所以即使要跑遠一點仍然十分值得，推薦∼∼∼	1",,,,,,,
"Kiki Chang	大推蔡昌益醫生！看牙很仔細，也很細心說明牙齒狀況，推薦給怕看牙醫的人！	1",,,,,,,
"蔡依珊	趙醫師對小孩真的很有一套，我四歲多的兒子要做根管治療抽神經，醫師用專業的方式引導，讓孩子一點也不害怕而且很聽話。	1",,,,,,,
"Sdlk Chang	二次帶孩子來檢查牙齒塗氟雖然是不同的醫師卻都很有耐心很溫和	1",,,,,,,
"李宜庭	蔡醫師人很用心也很細心??????	1",,,,,,,
"詹貴媜	韓醫生治療過程很溫和。牙齒病狀也細心解說 和說明如何治療。 護理人員態度也ok 語氣溫和	1",,,,,,,
"yi lin	醫生態度很好！很有耐心解釋、看診沒有跟護士聊天！！這點真的讓人看診很舒服	1",,,,,,,
"楊玫錦	醫生有耐心又親切！	1",,,,,,,
"Wu ZA	王醫師仔細又細心，在此推薦。	1",,,,,,,
"珍曉風	醫生護士很親切，看診也很細心，對小孩也很有耐心	1",,,,,,,
"張俊文	醫師親切有耐心 環境佳 去了新莊2家都不是很滿意 還是寧願跑遠路來這看!	1",,,,,,,
"林世軒	醫生耐心講解牙齒狀況，而且處理牙齒也都很細心，雖然很多人評論抱怨櫃檯服務不佳，但是這次看診沒有感受到。	1",,,,,,,
"楊惠珊	感謝趙醫師很親切服務態度也很好，孩子都不害怕看牙醫，都能定期檢查牙齒~	1",,,,,,,
"Wu Candy	醫生很親切也很專業，很有耐心的回答問題！小孩15年從小看到大！牙醫首選	1",,,,,,,
"廖振東	醫生很會為病人著想， 助理也很專業很熟練 。我是找陳哲倫代夫看。 他是做 牙齒嵌體的 專科醫師。	1",,,,,,,
"傅金玉	以前都不知道原先做的假牙不好，會磨損自己的牙。給陳昱廷醫師看了之後，細心修復，又將假牙也修正，恢復美觀又咬合正確，真的太棒了！	1",,,,,,,
"陳文進	醫護人員服務都很用心，醫生也很專業，很值得來的一家牙醫診所	1",,,,,,,
"Nicky Chen	醫師洗牙非常細心 櫃檯很親切 牙助很溫柔 希望可以一直擁有健康牙齒 期待之後兒童牙醫的體驗	1",,,,,,,
"鄭妹	兒子很怕看牙，直到遇到林俊佑醫師，很有耐心的講解，讓兒子乖乖的接受治療，推薦！	1",,,,,,,
"陳團子	醫師親切溫柔，很重視個案的感受，技術很好，不太會痛，小姐親切，是個很棒的牙科診所。	1",,,,,,,
"Chenhui Hung	吳醫生細心解說，讓人安心看診，會繼續在這裡治療回診	1",,,,,,,
"黃巧錠	護士及醫生都很親切，預約看診，進去掛完號馬上就輪到我們了	1",,,,,,,
"Ting Huang	裝潢真的很高級的感覺，而且醫生助理都很親切，櫃檯小姐態度也沒有像評價這麼不好，整體而言覺得很不錯??推	1",,,,,,,
"新禾	林書鴻醫師洗牙細心，技術好，非常推薦給大家。	1",,,,,,,
"林恬如	第二次帶小孩去塗氟，這次碰到王醫生，給我們很多正確的觀念	1",,,,,,,
"黃馨慧	醫生很有耐心	1",,,,,,,
"王翔正	洗牙醫生用心 詳細解釋智齒的狀況∼ 推推	1",,,,,,,
"李家航	不錯，細心專業設備好，大推今日幫我看的蔡昌益醫師	1",,,,,,,
"mimi chen	兒童牙醫的醫師超級會哄小孩，超有耐心，講解仔細	1",,,,,,,
"Nisa Wang	醫生說明的很詳細，謝謝	1",,,,,,,
"張宏成	醫師超專業 而且護士小姐們都很親切 讚??	1",,,,,,,
"Pei Wen Chung	醫護人員都很親切，對小孩有耐心，讚??	1",,,,,,,
"vava V	醫生對孩子態度很親切有耐心??	1",,,,,,,
"Lisa Tsai	醫生看診很仔細，有任何問題也都能耐心解釋及回答！	1",,,,,,,
"Anna “Anna”	很棒的診所。醫師很帥專業很親切，非常感謝醫師細心。	1",,,,,,,
"鬼塚	剛去拔完牙，醫生溫柔又專業	1",,,,,,,
"邱俊文	潘醫師對小孩很有耐心，還會對小朋友細心講解!	1",,,,,,,
"禎禎	環境很整潔，醫生很專業，牙醫助理也很溫柔????????	1",,,,,,,
"Ho shashan	在這邊矯正一年多，看著自己的牙齒慢慢變整齊，很開心	1",,,,,,,
"陳又慈	小孩指定牙醫診所	1",,,,,,,
"吳承勳	在這裡看超過十年了，醫師很親切，牙齒處理的很好??	1",,,,,,,
"江金剛般若波羅蜜經	問診及治療說明清楚、技術高超，值得信任的好醫師！	1",,,,,,,
"Chianing Chang	兒童牙醫專業又親切。讓孩子很安心	1",,,,,,,
"吳弘智	服務親切，設備新穎，問診答詢細心	1",,,,,,,
"詹小蓉	服務親切 很有耐心講解小朋友的狀況~~	1",,,,,,,
"Z ZZ	推謝孟哲牙醫。細心溫柔∼以後一定再找他	1",,,,,,,
"Emily Chen	櫃檯人員親切，醫師有耐心接受諮詢	1",,,,,,,
"陳逸凡	雖然教刷牙的牙醫很多，不過這裡教得很仔細	1",,,,,,,
"欽揚張	醫生親切說明病因與解決方案值得讚賞！	1",,,,,,,
"蕭妘霓	醫生跟助理都相當友善，且細心	1",,,,,,,
"CY L	醫生及牙醫助理都很親切：）	1",,,,,,,
"竹	醫師細心，原本怕看牙齒的我，喜歡看牙齒了	1",,,,,,,
"陳迎慈	""醫師很細心","服務很好喔！""	1",,,,,,
"楊先生	蘇醫師夠專業又親切且耐心。	1",,,,,,,
"Eric193	服務親切，詳細說明	1",,,,,,,
"覺婉甄	櫃檯和醫師 服務都很親切，很喜歡??	1",,,,,,,
"莊QQ	細心的醫師，詳細的解說。	1",,,,,,,
"no_no chou	櫃檯和醫生都很親切！	1",,,,,,,
"Shin you “何蛇蛇”	醫生很有耐心對待小朋友	1",,,,,,,
"黃唯碩	謝醫師服務優良	1",,,,,,,
"何宏堉	服務親切 環境消毒做得不錯	1",,,,,,,
"Pedro Chen	醫師很細心，很推蔡醫師！	1",,,,,,,
"王小黑	大推韓醫師，專業又親切??????	1",,,,,,,
"李育菁	醫生對小朋友很有耐心∼	1",,,,,,,
"孫臺鍵	有很多優秀的專業醫生以及服務	1",,,,,,,
"YiChang Chen	服務親切，耐心回答問題	1",,,,,,,
"陳佳旻	問的問題都很詳細的解說！	1",,,,,,,
"mark Yu	蔡醫師 溫柔 又專業 推薦??	1",,,,,,,
"李佩珊	醫生很專業 也很細心	1",,,,,,,
"nicole hung	醫生很親切，專業	1",,,,,,,
"Yu Sheng Yang	櫃檯小姐很正 醫生技術好！！！	1",,,,,,,
"吳卉婷	推湯醫生??????	1",,,,,,,
"吳阿玉	很親切很專業	1",,,,,,,
"Sandy Wang	蔡昌益醫師仔細又親切	1",,,,,,,
"Yu Tin Hsueh	醫生很細心，小孩不怕	1",,,,,,,
"Lin Annie	牙醫和護士都很親切！	1",,,,,,,
"Sun Moon	推林書鴻醫師，細心解說，態度親切。	1",,,,,,,
"Qe Qee	醫師很有耐心的看病患	1",,,,,,,
"ee L	謝孟哲推推∼人帥又細心	1",,,,,,,
"oriana wu	湯醫生很專業....	1",,,,,,,
"蔡尚軒	醫師很有耐心 讚	1",,,,,,,
"Jean Hrong	醫生護士都很親切	1",,,,,,,
"七分帥	目前狀況良好	1",,,,,,,
"HSU CHIN HSIANG (Kenn)	用心對待每位檢測者與治療者。	1",,,,,,,
"呂仲軒	蔡醫生服務好又親切	1",,,,,,,
"Nana Yeh	醫生很仔細	1",,,,,,,
"妮妮	讚??	1",,,,,,,
"陳棠棠	親切又細心，強力大推薦！！！	1",,,,,,,
"陳力維	醫師說明很確實	1",,,,,,,
"黃麗珠	林書鴻?師專業枝術良好	1",,,,,,,
"Louis Chen	醫師細心 櫃檯親切	1",,,,,,,
"Jenyu Lin	醫生很有耐心	1",,,,,,,
"陳宜蓁	王醫師說明很仔細	1",,,,,,,
"Bonnie Lee	洗牙很仔細	1",,,,,,,
"Rose Chang	醫生和助理很nice	1",,,,,,,
"KY Lin	親切，專業，服務良好	1",,,,,,,
"Sandy Jhou	陳醫生很細心??????	1",,,,,,,
"鄭志強	服務很讚~	1",,,,,,,
"蘇翊雯	醫術高明，人心善意	1",,,,,,,
"陳意璇	服務很好 很貼心	1",,,,,,,
"willy lu	很好。很舒適	1",,,,,,,
"超酷炫風俠	服務超級親切的!	1",,,,,,,
"夏安	設備超水準∼	1",,,,,,,
"阿倫	我覺得不錯	1",,,,,,,
"wenan LEE	醫師很多	1",,,,,,,
"Gary Chu	醫生細心	1",,,,,,,
"Michael Lai	我第一次去的時候發現蔡醫生非常擅長幼兒治療，非常耐心，用幼兒可以理解的方式解釋一切，如果你的小愛人需要牙醫，我推薦蔡醫生。  (原始評論) …	1",,,,,,,
"陳見龍	非常舒服的感受	1",,,,,,,
"wei fang Huang		1",,,,,,,
"Hui-Yu Liao		1",,,,,,,
"曹昌智		1",,,,,,,
"陳玲玲		1",,,,,,,
"stark pupu		1",,,,,,,
"張撲馬		1",,,,,,,
"張家源		1",,,,,,,
"Jie ru Hsu		1",,,,,,,
"黃姿涵		1",,,,,,,
"小萌兔成長日記		1",,,,,,,
"林筱茜		1",,,,,,,
"Ken Fanchiang		1",,,,,,,
"Cheng Yi Huang		1",,,,,,,
"林彥成		1",,,,,,,
"莊美炤		1",,,,,,,
"張道灼		1",,,,,,,
"許家樺 Ryan		1",,,,,,,
"連德威		1",,,,,,,
"ting yuan Du		1",,,,,,,
"蛋蛋		1",,,,,,,
"萬先生		1",,,,,,,
"張世欣		1",,,,,,,
"李汶錡		1",,,,,,,
"陳映純		1",,,,,,,
"片桐哲平		1",,,,,,,
"BoWen Huang		1",,,,,,,
"奶爸發哥黃（發哥）		1",,,,,,,
"翁銓佑		1",,,,,,,
"Zack Lee		1",,,,,,,
"WANCHING LO		1",,,,,,,
"謝佩吟		1",,,,,,,
"Jackson Chi		1",,,,,,,
"陳力愷		1",,,,,,,
"賴宏其		1",,,,,,,
"黃玉理		1",,,,,,,
"咪媽		1",,,,,,,
"李桂禎		1",,,,,,,
"李鈺釤		1",,,,,,,
"陳建彰		1",,,,,,,
"何健		1",,,,,,,
"吳書		1",,,,,,,
"吳家昌		1",,,,,,,
"Brian Chen		1",,,,,,,
"Bunny Chen		1",,,,,,,
"fay babu		1",,,,,,,
"ERica Chen		1",,,,,,,
"K T		1",,,,,,,
"Lin林秀英		1",,,,,,,
"塗妙娟		1",,,,,,,
"Carol Tseng		1",,,,,,,
"Alsa Sun		1",,,,,,,
"jolinjay26		1",,,,,,,
"Weicheng Lin		1",,,,,,,
"顆顆		1",,,,,,,
"Dondon Tung		1",,,,,,,
"黃琪雅		1",,,,,,,
"何玟玲		1",,,,,,,
"黃興文		1",,,,,,,
"廖國庭		1",,,,,,,
"Jason Lee		1",,,,,,,
"ciya Sung		1",,,,,,,
"Yu Lin		1",,,,,,,
"辜素梅		1",,,,,,,
"許榮展		1",,,,,,,
"碗糕		1",,,,,,,
"lee kelly		1",,,,,,,
"陳佳佳		1",,,,,,,
"黃秀蓉		1",,,,,,,
"林夜貓		1",,,,,,,
"林雅萍		1",,,,,,,
"黃湘瑜		1",,,,,,,
"李照源		1",,,,,,,
"韻如陳		1",,,,,,,
"張兆丞		1",,,,,,,
"周博政		1",,,,,,,
"Ping Hung		1",,,,,,,
"林睿棋		1",,,,,,,
"薛思薇		1",,,,,,,
"陳小姐		1",,,,,,,
"Ranhei Pan		1",,,,,,,
"曾鈺棋		1",,,,,,,
"黃靖芝		1",,,,,,,
"廖郁雯		1",,,,,,,
"陳怡伶		1",,,,,,,
"謝宇筑		1",,,,,,,
"生雞蛋沒有ANNE		1",,,,,,,
"王派興		1",,,,,,,
"劉予涵		1",,,,,,,
"Ivy Chuang		1",,,,,,,
"shiau shiau		1",,,,,,,
"Lee Irene		1",,,,,,,
"Cindy LIN		1",,,,,,,
"bang0605		1",,,,,,,
"C Jane		1",,,,,,,
"李應星		1",,,,,,,
"Dora Yu		1",,,,,,,
"Chen Liang Liu		1",,,,,,,
"王韻嘉		1",,,,,,,
"陳玉姍		1",,,,,,,
"陳沛如		1",,,,,,,
"廖仁傑		1",,,,,,,
"洪芷盈		1",,,,,,,
"王淑燕		1",,,,,,,
"陳銘裕		1",,,,,,,
"Carol Shen		1",,,,,,,
"L. Kelly		1",,,,,,,
"Tzu hou Wang		1",,,,,,,
"Wn Do		1",,,,,,,
"如芳鄭		1",,,,,,,
"汪芷培		1",,,,,,,
"王金龍		1",,,,,,,
"Winnie Lin		1",,,,,,,
"李惠菁		1",,,,,,,
"liu yaping		1",,,,,,,
"曾惠平		1",,,,,,,
"Cheryl		1",,,,,,,
"Shin		1",,,,,,,
"曉		1",,,,,,,
"杜詩偉		1",,,,,,,
"蔡佩佩		1",,,,,,,
"林文安		1",,,,,,,
"Tim Wang		1",,,,,,,
"May Wu		1",,,,,,,
"蔡雪秋		1",,,,,,,
"融融		1",,,,,,,
"黃美燕		1",,,,,,,
"蔡鈺翎		1",,,,,,,
"林怡禎		1",,,,,,,
"葉惠倫		1",,,,,,,
"鄭秋吟		1",,,,,,,
"wei		1",,,,,,,
"吳佳靜		1",,,,,,,
"薏璇		1",,,,,,,
"毛三		1",,,,,,,
"蔡玉芳		1",,,,,,,
"吳正達		1",,,,,,,
"Hsunyu Hsu		1",,,,,,,
"shin-yi huang		1",,,,,,,
"Sheila Wang		1",,,,,,,
"Claire Ye		1",,,,,,,
"法蘭德斯		1",,,,,,,
"陳律銨		1",,,,,,,
"張俊傑		1",,,,,,,
"黃煒涵		1",,,,,,,
"馮妍蓁		1",,,,,,,
"宗彥伶		1",,,,,,,
"潘茂盛		1",,,,,,,
"yueh man		1",,,,,,,
"Falco Chang		1",,,,,,,
"Martina Kao		1",,,,,,,
"david75101ya		1",,,,,,,
"詹薏茹		1",,,,,,,
"小魚方		1",,,,,,,
"James Chen		1",,,,,,,
"簡鳳儀		1",,,,,,,
"李淑君		1",,,,,,,
"楊小鴻		1",,,,,,,
"林福志		1",,,,,,,
"Betty		1",,,,,,,
"Lin LuLu		1",,,,,,,
"呂昀真		1",,,,,,,
"劉川楓		1",,,,,,,
"鄭文伶		1",,,,,,,
"Jeff Chan		1",,,,,,,
"reta yen		1",,,,,,,
"育良陳		1",,,,,,,
"Chen Wei Weng		1",,,,,,,
"julia lee		1",,,,,,,
"bebe Q		1",,,,,,,
"蔡舜州		1",,,,,,,
"瑞琦馮		1",,,,,,,
"劉如玲		1",,,,,,,
"Jay		1",,,,,,,
"陳午彬		1",,,,,,,
"陳小愛		1",,,,,,,
"萬精金		1",,,,,,,
"JC		1",,,,,,,
"黃玉如		1",,,,,,,
"寶貝翎妃		1",,,,,,,
"蔡佩倫		1",,,,,,,
"顏子傑		1",,,,,,,
"蕭鈺龍		1",,,,,,,
"莊宸		1",,,,,,,
"蔡桑妮		1",,,,,,,
"陳嘉羽		1",,,,,,,
"汪芳洋		1",,,,,,,
"陳雪卿		1",,,,,,,
"翁汪傑		1",,,,,,,
"Scottie Liao		1",,,,,,,
"嘉芸許		1",,,,,,,
"CHI TING LIAO (Kiki)		1",,,,,,,
"周美蘭		1",,,,,,,
"Yi Tang		1",,,,,,,
"朱鴻慶		1",,,,,,,
"陳國章		1",,,,,,,
"大張		1",,,,,,,
"張云		1",,,,,,,
"蔡崧宏		1",,,,,,,
"葉穎蔚		1",,,,,,,
"顏菁慧		1",,,,,,,
"吳珮君		1",,,,,,,
"怡君（cindy）		1",,,,,,,
"王小蘋		1",,,,,,,
"花鹿班8號		1",,,,,,,
"Siny Chen		1",,,,,,,
"林秀瑾		1",,,,,,,
"Heero TSAI		1",,,,,,,
"廖尉帆		1",,,,,,,
"王佩文		1",,,,,,,
"郭敬家		1",,,,,,,
"Sting Wang		1",,,,,,,
"紀巧萱		1",,,,,,,
"Sharon Hsu		1",,,,,,,
"Eva Lee		1",,,,,,,
"Iris Wang		1",,,,,,,
"Ivan Sung		1",,,,,,,
"婉如葉		1",,,,,,,
"葉玉華		1",,,,,,,
"曾睫睎		1",,,,,,,
"艾薇兒		1",,,,,,,
"王柏凱		1",,,,,,,
"楊又瑄		1",,,,,,,
"吳岳錡		1",,,,,,,
"可樂樂		1",,,,,,,
"莊大衛		1",,,,,,,
"Jimmy Shyu		1",,,,,,,
"Tom Huang		1",,,,,,,
"陳滿足		1",,,,,,,
"小瑾		1",,,,,,,
"玉婕陳		1",,,,,,,
"楊美儀		1",,,,,,,
"貓L		1",,,,,,,
"Demi juan		1",,,,,,,
"熙		1",,,,,,,
"陳志賢		1",,,,,,,
"KUAN-LUNG SU (???_台?)		1",,,,,,,
"David Kang		1",,,,,,,
"xingying Wu		1",,,,,,,
"瀾江		1",,,,,,,
"王都明		1",,,,,,,
"劉宗銘		1",,,,,,,
"呂文棋		1",,,,,,,
"Jerry Chen		1",,,,,,,
"Enins Hsiao		1",,,,,,,
"蔡巧雲		1",,,,,,,
"范聖祥		1",,,,,,,
"楊凱婷		1",,,,,,,
"施耀鈞		1",,,,,,,
"張燦文		1",,,,,,,
"盛復初		1",,,,,,,
"Wun How Chien		1",,,,,,,
"樂透		1",,,,,,,
"Emma Chen		1",,,,,,,
"張茹淓		1",,,,,,,
"施智誠		1",,,,,,,
"Jui S.h.		1",,,,,,,
"MinHui Tseng		1",,,,,,,
"Avi Shih		1",,,,,,,
"Mavis Chu		1",,,,,,,
"Chai Kelly		1",,,,,,,
"Qi Si		1",,,,,,,
"張語芯		1",,,,,,,
"綠光天使		1",,,,,,,
"淑娟曹		1",,,,,,,
"Jack Fan		1",,,,,,,
"MiN z		1",,,,,,,
"吳承晏		1",,,,,,,
"王漢雄		1",,,,,,,
"Bob Chung		1",,,,,,,
"Cherry Lin		1",,,,,,,
"Summer Liau		1",,,,,,,
"Nicole Hsiao		1",,,,,,,
"張小萍		1",,,,,,,
"蘇鉅愷		1",,,,,,,
"張寶玲		1",,,,,,,
"林金源		1",,,,,,,
"陳品文		1",,,,,,,
"黃家新		1",,,,,,,
"何依依		1",,,,,,,
"黃仕豪		1",,,,,,,
"賴柏翰		1",,,,,,,
"力米茲三重		1",,,,,,,
"申小渝		1",,,,,,,
"蕭小甄		1",,,,,,,
"宋立能		1",,,,,,,
"呂政峰		1",,,,,,,
"蘆洲國中許玳榕		1",,,,,,,
"陳姿莉		1",,,,,,,
"Lucy Chang		1",,,,,,,
"李元立		1",,,,,,,
"Shirley Lin		1",,,,,,,
"Lee Karen		1",,,,,,,
"李若瑜		1",,,,,,,
"吳香儀		1",,,,,,,
"劉玉山		1",,,,,,,
"黃小鍹		1",,,,,,,
"Fiona Shih		1",,,,,,,
"賴玉?		1",,,,,,,
"子安		1",,,,,,,
"ChiuHui Chou		1",,,,,,,
"張馬克		1",,,,,,,
"Andy Su		1",,,,,,,
"Sam Wu		1",,,,,,,
"文燕章		1",,,,,,,
"黃旨妘		1",,,,,,,
"格致教學組		1",,,,,,,
"黃欣怡		1",,,,,,,
"吳東霖		1",,,,,,,
"劉禮瑛		1",,,,,,,
"alics2626		1",,,,,,,
"吳狄		1",,,,,,,
"鍾佑祥		1",,,,,,,
"黃冠?		1",,,,,,,
"林明信		1",,,,,,,
"權		1",,,,,,,
"Loan-chi Chen		1",,,,,,,
"李玉華		1",,,,,,,
"Emma Hsu		1",,,,,,,
"Alvin Yang		1",,,,,,,
"王怡婷		1",,,,,,,
"Tina		1",,,,,,,
"Lin Yoyolin1957461220		1",,,,,,,
"江藥師		1",,,,,,,
"黎桂芬		1",,,,,,,
"謝釆蓮		1",,,,,,,
"李雅婷		1",,,,,,,
"趙美鳳		1",,,,,,,
"葉小瑄		1",,,,,,,
"林靜怡		1",,,,,,,
"黃鳳英		1",,,,,,,
"蘇敏蓉		1",,,,,,,
"Linda LIn		1",,,,,,,
"李騏維		1",,,,,,,
"葉奇榮		1",,,,,,,
"張宏銘		1",,,,,,,
"顏瑞勳		1",,,,,,,
"李妹妹		1",,,,,,,
"王小貞		1",,,,,,,
"克羅希斯。雷		1",,,,,,,
"杜大聖		1",,,,,,,
"邱文國		1",,,,,,,
"陳欣伶		1",,,,,,,
"ShUN YI yo		1",,,,,,,
"賴惠玉	牙周病主治醫師張醫師人不錯挺能為患者著想。給您點個讚	1",,,,,,,
"Fu Hsu	醫生對小朋友細心，帶小小孩去塗氟情緒很穩定，醫師助理似乎是輪班沒有跟固定醫師，感情很像不太好	1",,,,,,,
"豬小妹	今天帶小孩去看牙齒，兒童牙醫詹醫師的服務真的很好，耐心的跟孩子溝通讓小孩不抗拒看牙齒，醫生也建議讓小朋友蛀牙的牙齒帶上鋼牙套，但不知道為何告知的價格確和同事正在治療的小朋友價格有落差？！ …	1",,,,,,,
"玄旭	這次因為牙齒不適而就診，牙醫態度良好也解說詳細，一旁幫助牙醫的護理師(?)態度好到我超感動，畢竟第二次去拔智齒的時候被兇殘對待wwww直接嘴內被戳兩個洞。  也願意幫忙我的家人問植牙金額，即使不是該牙科病患。 …	1",,,,,,,
"hehehe	今天洗牙並做口腔檢查去看診，醫生很耐心問我最近牙齒有沒有哪裡不舒服，也在洗完牙後保險起見再照了次光，好險有找到被感染的牙齒，之後要做根管評估，還不知道後續會怎樣但目前為止的感覺都很不錯，感覺都很專業細心。等整個流程都走完後會再把過程以及評價補充完，先壓4星避免自己忘記。非常謝謝	1",,,,,,,
"林艾	終於比3∼5年前的服務態度好太多了，真的不知道以前的櫃檯到底是發生什麼事，現場的醫師在優秀 技術再好 也都被櫃檯給嚇死，希望可以維持這樣的水平	1",,,,,,,
"An!ta暐翔媽媽	看了大家的評論帶著忐忑不安的心情，陪了因為蛀牙的兒子去看診，發現人嚇人嚇死人，明明醫生和護士都不錯，卻被大家批評的一無是處。潘醫師很有耐心的解說，有問必答之外，也不會推銷任何產品。下次會再去看診！	1",,,,,,,
"wang妮	""醫生很親切有問必答","也讓洗牙變得沒那麼可怕喔！！""	1",,,,,,
"張淑芬	有預約的話不用等很久，醫生護士都還不錯。	1",,,,,,,
"15 10	牙醫師與護士都很親切！	1",,,,,,,
"黃亦翔進忠	服務還不錯講得很詳細 很親切	1",,,,,,,
"林姿	設備感覺很棒診所	1",,,,,,,
"吳又芳	醫生很親切	1",,,,,,,
"李俊諺		1",,,,,,,
"張雅媚		1",,,,,,,
"徐素媛		1",,,,,,,
"Lo Json		1",,,,,,,
"蔡欣餘		1",,,,,,,
"王守堯		1",,,,,,,
"JM LIn		1",,,,,,,
"許哲豪		1",,,,,,,
"Jiang Jiang		1",,,,,,,
"卉		1",,,,,,,
"楊錦昌		1",,,,,,,
"陳俊吉		1",,,,,,,
"王玉君		1",,,,,,,
"邱小惠		1",,,,,,,
"紀明君		1",,,,,,,
"王世杰		1",,,,,,,
"Ma Carol		1",,,,,,,
"Fionn Yeh		1",,,,,,,
"102王雅惠yahui		1",,,,,,,
"吳思宜		1",,,,,,,
"呂坤玉		1",,,,,,,
"鄭俊男		1",,,,,,,
"Melon		1",,,,,,,
"han wei		1",,,,,,,
"chun-wei wang		1",,,,,,,
"陳姿燕		1",,,,,,,
"林育影		1",,,,,,,
"李幸芝		1",,,,,,,
"葉三吉		1",,,,,,,
"Ruth Hsu		1",,,,,,,
"賴微微		1",,,,,,,
"沈宏仁		1",,,,,,,
", candy		1",,,,,,,
"盧敬文		1",,,,,,,
"陳美文		1",,,,,,,
"林先生		1",,,,,,,
"洪暘		1",,,,,,,
"黃small		1",,,,,,,
"黃清江		1",,,,,,,
"陳怡茹	我第一次約診時，說是孩子要看診，想約兒童牙醫，才去這間看診，很快預約到了，護士也沒說明不是每一個都是兒童專科醫生，約診第二次補牙，護士竟然安排不同醫生看診，看完診才知道第一次護士跟我孩子的約診不是兒童專科醫生，一開始沒有說明清楚，而補完牙卻在回家的路上，補牙的材料竟然脫落，補牙的牙齒，第一次醫生說之前沒多久才補先不動，第二次動那顆牙，我說我在為母奶依然給我打麻醉，原本沒有很痛，補完更痛，耳且隔天打完補過牙齒的上方整個腫脹的厲害，耳切非常痛，耳切看診從頭到尾沒有請我漱口，也沒給 …	0",,,,,,,
"Shu Ying	補的牙齒回家看後很不自然，感覺要重補！覺得煩????????旁邊的助理希望可以細心一點，沒放吸口水的管子也不幫忙吸口水，還是我自己舉手說，才幫忙吸，2.3次後我說可以直接放吸口水的管子嗎？??????	0",,,,,,,
"Lewis Ma	有說明害怕看牙，醫生親切也會特別注意有耐心，可惜助理不專業又兇...	0",,,,,,,
"PIN	""櫃?人員有一位妝很濃綁包包頭體態微胖的 態度真的很差",不想上班就不要做 還好醫師人都不錯,"不然倒店被他拖垮的 …""	0",,,,,
"Ko Wen-Hui	櫃台小姐態度不好，醫生態度雖然不錯，但技術很不好。	0",,,,,,,
"ning liu	豪宅鄰居推薦	0",,,,,,,
"曾有里	裝潢豪華，廁所乾凈無味。 但是診療費很貴。	0",,,,,,,
"h w		0",,,,,,,
"何麗盈		0",,,,,,,
"劉宴君		0",,,,,,,
"楓及樂		0",,,,,,,
"吳慧盈		0",,,,,,,
"張紘嘉		0",,,,,,,
"Chang Shinyu	櫃台小姐有一個妝很濃的態度真的很差，對人非常沒禮貌，到底為什麼要讓這種人坐櫃台？牙齒就在痛了被他搞得更不爽，診所就是被他搞臭名聲的，但醫師的確是不錯的所以給兩顆星。	0",,,,,,,
"Tzu-Ting Wang	「一顆星都不想給，要到京華看牙醫務必慎思」  首先，一開始掛號「蔡醫生」，明明有掛號，卻等了一個多小時，因為牙痛，醫生說不能補牙得先吃藥。 …	0",,,,,,,
"李寧兒	急性牙痛來看診現場等了兩個多小時，結果檢查完當下沒有治療只說要排下次，超級浪費時間。到櫃檯領藥時櫃檯沒有主動幫忙預約，還要病患提醒，櫃檯打電話跟醫生確認才說要約什麼時候，感覺就是隨便看完根本沒有積極想幫病人處理問題的感覺，非常差	0",,,,,,,
"Ya Ray	帶小朋友來塗氟...不管有沒有預約都要等一小時以上..櫃檯人員也是愛理不理...也沒事先說明清楚...  小孩等不了要取消還給一個臭臉	0",,,,,,,
"宣瑄	去了兩次都沒補牙到 白白浪費了150元掛號費 第一次去的時候至少有洗牙到，跟我說下次預約補蛀牙 結果我今天第二次去（已經提前一個禮拜預約說要補牙了）在現場又等了一個小時，什麼都沒做，醫生看一下說下次再約補牙 …	0",,,,,,,
"Emily	沒看過這麼爛的牙醫師 ，這位王詩涵醫師超級差勁！看診過程超級不耐煩，動作又粗魯，看診又草率！講話口氣也很差！心情不好找病患出氣嗎？  要不是疫情沒得選擇，之前診內其他醫生也沒妳那麼糟，建議沒耐心就不要做醫師了！ 很差的看診經驗！有夠倒霉！不會再去受氣了！看了其他病患的評價才知道，這位女醫生EQ很低，果然是黑名單醫生啊! 大家找她看診要有心理準備唷！	0",,,,,,,
"Yuting Tu	其實來看過很多次了 每次補牙都補得很隨便 還很快就掉了 今天又去看了一次 想說評論那麼好 可能有改善 結果今天補牙晚上就掉了 另外一顆也沒補好 還是有黑點 到底在幹嘛...	0",,,,,,,
"Eva Louis	醫生年輕帥氣，但是明明約10點等到10:30才看，我們的時間都不是時間嗎？而且為什麼我是看牙齒也幫我的嘴唇開了一個洞，我知道醫生可能也不是有心的，但是應該說句道歉的話吧！	0",,,,,,,
"楊文森	很不負責任的一家光鮮亮麗的牙醫診所，去預約拔牙的前一天，你會接到他們的電話，要改日期時間，然後一次，二次，三次，四次，天啊！從6月改到10月，要不是已經在他們診所，矯正牙齒被綁著很想換別家，真的快崩潰。 奉勸大家請勿上了賊船後悔不及。	0",,,,,,,
"Irene Liao	4/18下午4點半年回診洗牙，洗牙時，醫生告知左方門牙之前補的地方有點脫落，所以做了洗牙跟補牙，回到家仔細看才發現門牙補的跟另顆很明顯大小形狀不一樣，打電話告知櫃檯，櫃檯說星期六五點醫生都已經全部下班了，只能星期一再約時間幫我處理，我只有久久才回蘆洲一趟，根本無法配合，補牙不是隨便補補就好，更何況補的還是門牙，門牙是一個人的門面，補的毫無美感，還得再花時間跟金錢去找別的牙醫處理，本來只是想說例行性回診洗牙，沒想到補個牙都補不好。	0",,,,,,,
"嵐	心臟不夠強的請不要給王詩涵醫師看診，小女兒蛀牙了！我可以理解兒童牙科第一次看診只做溝通、了解狀況不做治療。但我不知道醫生當日早上是受了什麼氣（第一個診）我平常很注重孩子的口腔健康，醫生在做資訊的溝通傳達像是在教訓、質詢父母∼你都幾點回到家？無法親自幫她刷嗎？那爸爸呢？也晚歸嗎？我花了錢，孩子沒有得到治療，反倒是站在旁邊被醫生教訓了將近半個小時！試問，哪個父母樂見孩子蛀牙？可以親自為孩子刷牙誰又願意讓長輩代勞？父母不能輪班制？還是說因為工作關係無法親自幫孩子刷牙就犯罪？過程中對 …	0",,,,,,,
"?彩?	對小孩的態度有夠差，叫小孩躺下，一直叫他睜開眼睛，躺下是打開嘴巴就好了，一直叫我小孩睜開眼睛，傻眼，對小孩有夠沒耐心的，不會再去第二次的店	0",,,,,,,
"許小嘉	約好拔智齒第一次醫生有事就算了，第二次又有事，請好假了當天才通知醫生又有事，當別人的時間很多？這間牙醫真的很有事??	0",,,,,,,
"生活資訊	牙齒本來沒事，被曾醫師告知門牙要補，補完後隔幾天到現在變很酸敏感，那還不如不要補，至少不會困擾，也沒有告知會有這樣的結果，沒把握就不要亂弄，可以不要出來害人嗎！懷疑故意挖深靠近神經讓你回診再說要根管治療，超級後悔去看診，看評論不錯才去，沒想到治療後更糟，還約下次補臼齒，誰敢再去啊媽的！打死不會再去！	0",,,,,,,
"Louis Chang	爛死了，原本預約好了，結果到當天才說醫生忘記有一個手術還沒做，要改天，改到下周，不知道這樣是要怎麼開診所的，大家最好不要來，不然你的預約可能也會被取消	0",,,,,,,
"shin	補牙後補牙處卻很酸痛，一遇到冷空氣就痛 回去再看一次，醫生說重補…… 又要約時間，技術不好但態度很好 …	0",,,,,,,
"Violet Yang	只有一個字「爛」，小孩根管治療，痛到跟沒打麻藥一樣，哭到眼睛膧，再也不敢去了，換一家，小孩躺在上面穩穩的，只能說技術太差了。	0",,,,,,,
"Afyon Beilschmidt	櫃台態度常常遇到很差的，預約塗氟那邊嘆一大口氣唸塗佛，自家營業項目讀音發錯還唉聲嘆氣給誰聽。	0",,,,,,,
"Tsai Myself	醫生跟護士都很好 而且也很有耐心  但櫃台的服務小姐 服務的感覺讓人家覺得很差  (知道櫃台服務人員都比較忙  但我耐心等他們忙完的結果就是沒有人理我  服務態度很不友善還我要做什麼)	0",,,,,,,
"黃飛鴻	沒給消炎藥，連拔牙後最基本的sop都沒說，拔完牙後痛了2天還去找耳鼻喉科處理。。。。	0",,,,,,,
"YuWen Hsieh	櫃檯小姐態度非常差??下班時間一到就不理人	0",,,,,,,
"Tsai Myself	醫生跟護士都很好 而且也很有耐心  但櫃台的服務小姐 服務的感覺讓人家覺得很差  (知道櫃台服務人員都比較忙  但我耐心等他們忙完的結果就是沒有人理我  服務態度很不友善還我要做什麼)	0",,,,,,,
"黃飛鴻	沒給消炎藥，連拔牙後最基本的sop都沒說，拔完牙後痛了2天還去找耳鼻喉科處理。。。。	0",,,,,,,
"張O誠	醫生的態度非常不好......還亂罵人	0",,,,,,,
"han han Hsieh	還沒1230要進去預約，櫃台小姐拉鐵門不服務。。傻眼	0",,,,,,,
"許氏	3歲幼兒去塗氟，沒有聽醫生的話乖乖張開嘴，醫生竟然建議我帶她去醫院看兒童行為？  ㄜ，幼兒陌生害怕是人之常情吧。	0",,,,,,,
"Claire Lin	ㄧ顆星都不想給 櫃臺處理問題能力非常差 有掛號過號的人∼我建議不要現場等了 …	0",,,,,,,
"林蓓蓓	電話沒人接	0",,,,,,,
"topas top	櫃檯小姐態度需加強，掛號等了一陣子，說預約的病人來了，不能看了，要另外約時間，真的很無言	0",,,,,,,
"李嘉偉	一顆星都不肯給他們  ，很糟  ！ 櫃台小姐安排事情很鳥  ！ 現場掛號跟冤大頭一樣  ！無止境的等   ！好不容易等到了！  醫師也是菜鳥醫師  不會再去這家診所了！！	0",,,,,,,
"YuWen Hsieh	櫃檯小姐態度非常差??下班時間一到就不理人	0",,,,,,,
"pearl chen	櫃台態度非常差~~簡直讓人傻眼	0",,,,,,,
"tiffany lai	櫃台小姐的態度真的很差+1??	0",,,,,,,
"林蓓蓓	電話沒人接	0",,,,,,,
"Han ‘s	櫃檯小姐 態度可以滾蛋了吧	0",,,,,,,
"Willy Bruce	不用心，不負責的地方	0",,,,,,,
"mob		0",,,,,,,
"Lin Jane		0",,,,,,,
